Operacion,Valor a 8,Aritmetica de Maquina,ErrA,ErrR
x+y,0.01047619,0.010476,-1.90000000000606E-07,-1.81363644608017E-05
xy,2.3809523,2.381,-4.77000000000949E-05,-2.00340006811959E-05
x-u,3.3714285E-07,3.3736E-07,-2.17150000000075E-10,-0.000644088996697
(x-u)v,0.033298217,0.03332,-2.17829999999974E-05,-0.000654179171215